{
    "Batangafo": [
        7.3039831,
        18.2910914
    ],
    "Kambakota": [
        7.1570168,
        17.8721811
    ],
    "Kabo": [
        7.6920799,
        18.6243422
    ],
    "Moyenne Sido": [
        8.2233649,
        18.7159551
    ],
    "Garin Wanzam": [
        13.6293456,
        12.8959209
    ],
    "Diffa": [
        13.3130749,
        12.6136611
    ],
    "Nigeria": [
        9.6000359,
        7.9999721
    ],
    "Nduta": [
        -3.6902255999999998,
        30.776837487128315
    ],
    "Hourara": [
        15.0644612,
        0.6352474
    ],
    "Boni": [
        15.0768761,
        -2.2211397
    ],
    "Hombori": [
        15.2831164,
        -1.6990741
    ],
    "Kidal": [
        19.802089000000002,
        0.7253124568557916
    ],
    "Abeibara": [
        19.3494891,
        1.8443903
    ],
    "Bobola Zangasso": [
        12.5364096,
        -4.9927581
    ],
    "Konina": [
        12.4782163,
        -6.1795578
    ],
    "Djitamana": [
        12.2465998,
        -5.636673
    ],
    "Tchad": [
        15.6134137,
        19.0156172
    ],
    "Dagahaley": [
        0.19017905000000002,
        40.28623989114301
    ]
}